"RelativePath","SourceHash","CopyHash","Match","SourceLength","CopyLength"
"AboutEditorsToolkitPlus.bas","72D4EAA73BC439C44123F647C93E3FB2E5CB4896612167D6646AC48B6CAE88C0","72D4EAA73BC439C44123F647C93E3FB2E5CB4896612167D6646AC48B6CAE88C0","True","123","123"
"ActivateCockpit.bas","148AB5C7D43C364385BBDB58B2EA74CF1E1EA17A7CB90880754773B734BF507D","148AB5C7D43C364385BBDB58B2EA74CF1E1EA17A7CB90880754773B734BF507D","True","7150","7150"
"AddDocs.frm","F18B95F438A49B5A01DDA88F344DBEDC9D2A56037BFA720AB66EA633C05C6B0C","F18B95F438A49B5A01DDA88F344DBEDC9D2A56037BFA720AB66EA633C05C6B0C","True","1143","1143"
"AddDocs.frx","AEA22FBC46FC7448688FAE2235E9EAEE92894E17CD3A680FEBFCB3B29F83F952","AEA22FBC46FC7448688FAE2235E9EAEE92894E17CD3A680FEBFCB3B29F83F952","True","5656","5656"
"AddDocuments.bas","6E2BEFC1430C69176117E41700B70B7E2E9BC7C8B09AD825BF105B7092015DA2","6E2BEFC1430C69176117E41700B70B7E2E9BC7C8B09AD825BF105B7092015DA2","True","5572","5572"
"AddToEditorialStyleSheet.bas","6E935414A39445A4774324A76DF3BC1CE222F1D2824682C74FC688DDA9B112ED","6E935414A39445A4774324A76DF3BC1CE222F1D2824682C74FC688DDA9B112ED","True","3998","3998"
"AddToSpike.bas","EFA66BCFB297F3FAF7C2AF5356B4BA442F51C940ED655DB35C96030F58BDC17F","EFA66BCFB297F3FAF7C2AF5356B4BA442F51C940ED655DB35C96030F58BDC17F","True","576","576"
"ApplyFixedBullets.bas","795CA9DBC5ED520CF34F859ED8DEA9759F5910984EF6BFEF769C67BD3D509FCA","795CA9DBC5ED520CF34F859ED8DEA9759F5910984EF6BFEF769C67BD3D509FCA","True","6025","6025"
"ApplyFixedBulletsStyled.bas","78C128A70E89954A91FB29FE265853AD2AC9A0C42BFF44192F03CD3680DF5D3F","78C128A70E89954A91FB29FE265853AD2AC9A0C42BFF44192F03CD3680DF5D3F","True","6338","6338"
"ApplyFixedNumbers.bas","0EB3E32D30C5EE70BD5FC0D69ECF67937C9D67660CF55ED76E218BC0E5256FB1","0EB3E32D30C5EE70BD5FC0D69ECF67937C9D67660CF55ED76E218BC0E5256FB1","True","4471","4471"
"ApplyFixedNumbersStyled.bas","1AAEA4F496EB2C16208D06CB62423DB024B1C990EFC88865E2B5DCEC53FA3647","1AAEA4F496EB2C16208D06CB62423DB024B1C990EFC88865E2B5DCEC53FA3647","True","6255","6255"
"ApplyHeading4.bas","674FCA25121C319785D29D3A43F38F0475669DF9839C19B1A2010B6B9CA463A0","674FCA25121C319785D29D3A43F38F0475669DF9839C19B1A2010B6B9CA463A0","True","396","396"
"ApplyHeading5.bas","76C9D7F2FA040676CDBAAD8507169FDAC6AAABB6C797097D5016075F0BA67832","76C9D7F2FA040676CDBAAD8507169FDAC6AAABB6C797097D5016075F0BA67832","True","396","396"
"ApplyHeading6.bas","0F2ACECB0204F0F0DE9B1607F1A75BE0DFBAC77A958F3529FB4A68F287719414","0F2ACECB0204F0F0DE9B1607F1A75BE0DFBAC77A958F3529FB4A68F287719414","True","396","396"
"ApplyHeading7.bas","40E24B66A7A74F2817CBC9299270B52BE06FCE1882B7A4C223C503DAE49028E1","40E24B66A7A74F2817CBC9299270B52BE06FCE1882B7A4C223C503DAE49028E1","True","396","396"
"ApplyHeading8.bas","8C4167F098CEF597CF44CE81E815C34097B064B7BB78F78EF5DC8A03386FB8EA","8C4167F098CEF597CF44CE81E815C34097B064B7BB78F78EF5DC8A03386FB8EA","True","396","396"
"ApplyHeading9.bas","FDE13B055F4C0251E8B34EDB6FBC023D8103B817E17519C33DCF8C858684FD6F","FDE13B055F4C0251E8B34EDB6FBC023D8103B817E17519C33DCF8C858684FD6F","True","396","396"
"ApplyHyphenationExceptions.bas","304DC05839A5833A32642069065C56F3FA9E608C6994A0EEB643CE8D24D4CA4C","304DC05839A5833A32642069065C56F3FA9E608C6994A0EEB643CE8D24D4CA4C","True","10429","10429"
"ApplyHyphExcFromRibbon.bas","986D1467F5F71384409C70832BF21B46D6DDD8A9F63A36A23FCB6BEF212CD48B","986D1467F5F71384409C70832BF21B46D6DDD8A9F63A36A23FCB6BEF212CD48B","True","589","589"
"ApplyStylesAutomatically.bas","7893C1A5DA30FD963AB85A4CBDEED8CBE971F918D02389CB468B098B9737A57F","7893C1A5DA30FD963AB85A4CBDEED8CBE971F918D02389CB468B098B9737A57F","True","24539","24539"
"ArrangeDocs.bas","EC68744DFB50B4D4100BDD4C6DDBB25354041973E0DE3DAE7D9236F78C6224EC","EC68744DFB50B4D4100BDD4C6DDBB25354041973E0DE3DAE7D9236F78C6224EC","True","14250","14250"
"ArrangeDocsUndo.bas","1DBD2AB3301F79C7373D95292CED85B320CB50360F35DFFF2C845DA6C84F6EEF","1DBD2AB3301F79C7373D95292CED85B320CB50360F35DFFF2C845DA6C84F6EEF","True","4448","4448"
"AutoMaggie.bas","ADE8969B8B3403BBC62E6AA11B45FAD99821DB4A7E0103EE3BF372479E194A22","ADE8969B8B3403BBC62E6AA11B45FAD99821DB4A7E0103EE3BF372479E194A22","True","5419","5419"
"AutoStyleBlockQuote.bas","D69DD9156C14FF53CB23128351DB7ED7C017E5B96B3226737567E046DECFD49C","D69DD9156C14FF53CB23128351DB7ED7C017E5B96B3226737567E046DECFD49C","True","3119","3119"
"AutoStyleList.bas","40661F5CD2A639D02E5FC504A8B56211CFFAEE52D45C853A01005EA3DF0608B4","40661F5CD2A639D02E5FC504A8B56211CFFAEE52D45C853A01005EA3DF0608B4","True","3084","3084"
"AutoStylePoem.bas","EEC3B8737768ECED9415C9FCBA9313F9A3B8C94E0FFED9999E47ACB00910D774","EEC3B8737768ECED9415C9FCBA9313F9A3B8C94E0FFED9999E47ACB00910D774","True","11354","11354"
"BatchProcessor.bas","B37C606B9B90A0828E046814EAAE2AE1FB7B8F29A766D39FD0C5467BB7F0E816","B37C606B9B90A0828E046814EAAE2AE1FB7B8F29A766D39FD0C5467BB7F0E816","True","40054","40054"
"Blockify.bas","D3B24B1474BDBB5E02ECED14A574407FD6F9EBD8461273ADA864B79E2B3A0208","D3B24B1474BDBB5E02ECED14A574407FD6F9EBD8461273ADA864B79E2B3A0208","True","24083","24083"
"BlockifyQuotes.frm","A6073962E485D92E1A7F09DD1D01B25BF5F6F9B8BB2C878CDD2BA6FBA5D21F6E","A6073962E485D92E1A7F09DD1D01B25BF5F6F9B8BB2C878CDD2BA6FBA5D21F6E","True","1498","1498"
"BlockifyQuotes.frx","D15B988CAC443CD38AF35858349F2AB1BCF7C2970E92FF8D870490490A49D0DE","D15B988CAC443CD38AF35858349F2AB1BCF7C2970E92FF8D870490490A49D0DE","True","5656","5656"
"BookmarkAdd.bas","EF625B4F501A16B1682154C9B4283B42B2B9199D9DCC5DF753AD23C5FF9A5AC8","EF625B4F501A16B1682154C9B4283B42B2B9199D9DCC5DF753AD23C5FF9A5AC8","True","85","85"
"BookmarkCrossref.bas","D4B742A952D3739B59D7D15DC5D9EB725B9EAE4C129C301903716EF8D9B5F57C","D4B742A952D3739B59D7D15DC5D9EB725B9EAE4C129C301903716EF8D9B5F57C","True","111","111"
"Bookmarker.bas","FFBA81CFC2593E964841754B658FC162120AEF9499AD37186087614B9DFF82E0","FFBA81CFC2593E964841754B658FC162120AEF9499AD37186087614B9DFF82E0","True","8263","8263"
"BookmarkHeadings.bas","1A593B5D7B0F6455C54306474326CF532D2C07239DB55CB8AADA6458DBCAC0C9","1A593B5D7B0F6455C54306474326CF532D2C07239DB55CB8AADA6458DBCAC0C9","True","240","240"
"BreakWordHere.bas","C902E3F2758FA9F615161231640C5DF0505A93C6BA0630F49365A6C45ABF99B9","C902E3F2758FA9F615161231640C5DF0505A93C6BA0630F49365A6C45ABF99B9","True","342","342"
"Bullet.bas","735A77234DE427B475DC2848A29173C3F57018B846012E01EB4D75F5F64DE4C7","735A77234DE427B475DC2848A29173C3F57018B846012E01EB4D75F5F64DE4C7","True","1097","1097"
"CapitalizeWord.bas","F045D09133B2F73EBBC0A6D5A6EDE81F554D452ADB0880F4054115AE44567716","F045D09133B2F73EBBC0A6D5A6EDE81F554D452ADB0880F4054115AE44567716","True","2782","2782"
"CapitalizeWordNoTracking.bas","4A9B8F622B66560CE38C7790275E7038E532CB3FBEAC08F0A40B06D853C06B72","4A9B8F622B66560CE38C7790275E7038E532CB3FBEAC08F0A40B06D853C06B72","True","381","381"
"CapOrLowercaseWord.bas","082B8EACBD94877D810EBF79CA2622C55AAF9CF0FA3A1FC9D474D8E0A1B41309","082B8EACBD94877D810EBF79CA2622C55AAF9CF0FA3A1FC9D474D8E0A1B41309","True","1603","1603"
"CapTitleCase.bas","76E9319E2993F42494DA2D47AD6CD5192820437CAE99B8D512CC6F33484EC9E8","76E9319E2993F42494DA2D47AD6CD5192820437CAE99B8D512CC6F33484EC9E8","True","21625","21625"
"CapTitleCaseAllHeadings.bas","955D7B240B474DF4238D4232EB058550DBE77D3E3EE926D6996C0F3D8E9FFD5C","955D7B240B474DF4238D4232EB058550DBE77D3E3EE926D6996C0F3D8E9FFD5C","True","13442","13442"
"CapTitleCaseHeadingsFromRibbon.bas","8C45A0CB8057C4C4683C360B231453E00801B4DDBE02C6145880D23FC59DC7E5","8C45A0CB8057C4C4683C360B231453E00801B4DDBE02C6145880D23FC59DC7E5","True","1470","1470"
"CharStylesAutoApply.bas","E479161FDE77C5F1F9584BE7BE7FDA16DE362621842385AE6CB64A16E1124376","E479161FDE77C5F1F9584BE7BE7FDA16DE362621842385AE6CB64A16E1124376","True","34821","34821"
"CharStylesAutoApplyBatch.bas","A2FBF42E50C9A8BB6BB13262E7747E6BCCE1F33B5ABDAABE6DACA9C0C85A075D","A2FBF42E50C9A8BB6BB13262E7747E6BCCE1F33B5ABDAABE6DACA9C0C85A075D","True","399","399"
"CharStylesAutoApplyFromRibbon.bas","AEA612D22A4111CD68B8470B2AB5A474B1F619F25B50EECEA879464063C45EA0","AEA612D22A4111CD68B8470B2AB5A474B1F619F25B50EECEA879464063C45EA0","True","841","841"
"CharStylesManuallyApply.bas","D1F5509C81BD434593E6809BB52DE6FAE3DEA645EB51F1E5BEA701A54243C3E4","D1F5509C81BD434593E6809BB52DE6FAE3DEA645EB51F1E5BEA701A54243C3E4","True","12599","12599"
"CheckExtraneousTextInNotes.bas","F578ABD870C64E706B96AB5313F138A13F9BA5468B9705A7959B75C10722B435","F578ABD870C64E706B96AB5313F138A13F9BA5468B9705A7959B75C10722B435","True","2520","2520"
"CheckforNestedDelimiters.bas","EBAC261C5FC349DDE2AFF06513F26692B3C427B738F5BFEF1BCB65F5FBDA6AA6","EBAC261C5FC349DDE2AFF06513F26692B3C427B738F5BFEF1BCB65F5FBDA6AA6","True","6654","6654"
"CheckForNestedParentheses.bas","D1031A33ACE1230C8DE076CCCFA6B92251CFA85872807D443FA67389DA3DE351","D1031A33ACE1230C8DE076CCCFA6B92251CFA85872807D443FA67389DA3DE351","True","5092","5092"
"CheckForNewVersion.bas","34A94D3C52501EA5DFF7D6FE3DD6C6FE12A4E2AA566FF831DE404C902FB97888","34A94D3C52501EA5DFF7D6FE3DD6C6FE12A4E2AA566FF831DE404C902FB97888","True","4979","4979"
"CheckUnmatchedDelimiters.bas","887DAEB792E51CE329209FAE4B0F80E760BC8D741642670781FE0D94CD3AC91E","887DAEB792E51CE329209FAE4B0F80E760BC8D741642670781FE0D94CD3AC91E","True","3182","3182"
"ClearETKPlusKeybindings.bas","F73F15FFD8AE3B77A6F584895B3CEA46F6392FFA9C12016A32A1248223825537","F73F15FFD8AE3B77A6F584895B3CEA46F6392FFA9C12016A32A1248223825537","True","1664","1664"
"CloseEditorsToolKitPlus.bas","4318730C6A7DFCF5842F38FA721C332EA047408A49568DD927C03D17752DCE49","4318730C6A7DFCF5842F38FA721C332EA047408A49568DD927C03D17752DCE49","True","1092","1092"
"Common.bas","DEA4B200D640D095EEE6DB5987C4D33C7873C3B6BA4584CD858EC8CAA9A7F265","DEA4B200D640D095EEE6DB5987C4D33C7873C3B6BA4584CD858EC8CAA9A7F265","True","10672","10672"
"Convert2Text.bas","B7638B4EB85B6BE334A5379CDAC0F9EA53167B8A92F7328C83415D91564963DD","B7638B4EB85B6BE334A5379CDAC0F9EA53167B8A92F7328C83415D91564963DD","True","2674","2674"
"ConvertEndnotesToFootnotes.bas","0A0B206071C5F7214188425DE6F818CFAB1515138679884323ABF80660972136","0A0B206071C5F7214188425DE6F818CFAB1515138679884323ABF80660972136","True","438","438"
"ConvertFootnotesToEndnotes.bas","17C63470593D7565F2FE27D02852F2CC62ADCCD361A48AE9FE473B7A7554ABE6","17C63470593D7565F2FE27D02852F2CC62ADCCD361A48AE9FE473B7A7554ABE6","True","440","440"
"ConvertSelectedNotes.bas","5717D2449A435BD67E985C6D357B5F3B60F9FC584F4BCD0AB62E8C106E0A259D","5717D2449A435BD67E985C6D357B5F3B60F9FC584F4BCD0AB62E8C106E0A259D","True","501","501"
"ConvertToAutoLists.bas","229AF7437CCEC1F7312439D076CE9C4B8464A682B8FC2D3DC8E94E3C51F629D6","229AF7437CCEC1F7312439D076CE9C4B8464A682B8FC2D3DC8E94E3C51F629D6","True","27081","27081"
"ConvertToFixedLists.bas","F126E5BC1C0D8CCB1663DEF11BD33BA060826D8023C36A1378D8B9FFB3028EE6","F126E5BC1C0D8CCB1663DEF11BD33BA060826D8023C36A1378D8B9FFB3028EE6","True","7017","7017"
"Copyright.bas","F24520FC0D9784FC77ADF7AAEEE979AA624B22C5F1F53105408D729BF3D39CB9","F24520FC0D9784FC77ADF7AAEEE979AA624B22C5F1F53105408D729BF3D39CB9","True","283","283"
"CopyToSpike.bas","16C8A96D71010362E1B529EC8BA419F85CC86A71B3C5C9CE684041C4238C8C14","16C8A96D71010362E1B529EC8BA419F85CC86A71B3C5C9CE684041C4238C8C14","True","637","637"
"CountRevisions.bas","488F1402BC55A9A0DD886F70C9C03398A8FE98E446E4573417EB02DFFBC87D11","488F1402BC55A9A0DD886F70C9C03398A8FE98E446E4573417EB02DFFBC87D11","True","1340","1340"
"CreateMegaReplacerMasterList.bas","53FD2DE23BD5E2F93E8F8B466653635039EC733BFB2DA7EB80800AB17030ACB3","53FD2DE23BD5E2F93E8F8B466653635039EC733BFB2DA7EB80800AB17030ACB3","True","305","305"
"CrossReferenceBookmark.bas","778595A5AD642F063CC9CB8F619459CDD33B6EC2CAED646EF44EA9B7C24445B7","778595A5AD642F063CC9CB8F619459CDD33B6EC2CAED646EF44EA9B7C24445B7","True","7202","7202"
"CutToSpike.bas","D216192FB42DBC632CFE297E0BB89F71F628B76A9844602A54C7EB234DC35D5A","D216192FB42DBC632CFE297E0BB89F71F628B76A9844602A54C7EB234DC35D5A","True","446","446"
"DelCharLeft.bas","9FE238F4A97B2FAF0250156EFF0DD21D2F27BF841199E72606C3D03AD6292CFD","9FE238F4A97B2FAF0250156EFF0DD21D2F27BF841199E72606C3D03AD6292CFD","True","1583","1583"
"DeleteBookmarks.bas","C1FF712FC3130CE1393630DE8247CA964E8CDD3E75A1210CDF5E55EEB5CDF452","C1FF712FC3130CE1393630DE8247CA964E8CDD3E75A1210CDF5E55EEB5CDF452","True","252","252"
"DeleteCharRight.bas","D30976128C626F508F9B165032647F6CA8067DD9B98B203F32D9EA8AD10BE1D4","D30976128C626F508F9B165032647F6CA8067DD9B98B203F32D9EA8AD10BE1D4","True","1300","1300"
"DeleteSpacesAroundReturns.bas","2BC32F534D46EA39189490AE78840CCB12F7B48B5ACE67A019C3F285B65ADCBA","2BC32F534D46EA39189490AE78840CCB12F7B48B5ACE67A019C3F285B65ADCBA","True","605","605"
"DeleteTabs.bas","2BDE5E46EE33FDFA0606DD0AA03B099292D30C5EBB4F86E78DB50E0AC2170DFB","2BDE5E46EE33FDFA0606DD0AA03B099292D30C5EBB4F86E78DB50E0AC2170DFB","True","549","549"
"DeleteToEndOfLine.bas","695778D9E95164455DDB95BAD6BF840687E8069A37F92D67D3AFC2E3BF48798A","695778D9E95164455DDB95BAD6BF840687E8069A37F92D67D3AFC2E3BF48798A","True","401","401"
"DeleteToEndOfWord.bas","A54DDC3CAEEDF3B0AF124F87B29CC1B9EE69D35FD78B3B7D6041E9E39C69E0D9","A54DDC3CAEEDF3B0AF124F87B29CC1B9EE69D35FD78B3B7D6041E9E39C69E0D9","True","618","618"
"DeleteToStartOfLine.bas","BF0A9A91C8D7B58CD00E43B723D9BAE429863C267EB78705DD402344F25F0D23","BF0A9A91C8D7B58CD00E43B723D9BAE429863C267EB78705DD402344F25F0D23","True","409","409"
"DeleteToStartOfWord.bas","6B2948B481FC632B28E1AA4238C78086B35714B1F97A2F56F600276B0FA974B0","6B2948B481FC632B28E1AA4238C78086B35714B1F97A2F56F600276B0FA974B0","True","547","547"
"DeleteUnusedStyles.bas","F224713AFA58AA80584959E5EDC794BC6DE2D1B3645853AD47C1AA6B1235BC65","F224713AFA58AA80584959E5EDC794BC6DE2D1B3645853AD47C1AA6B1235BC65","True","388","388"
"DeleteWordRight.bas","3515DAD3B1C7E76A307B418ADF466D06A66FB0EE78A1F62CB3A38D1A09E21A2B","3515DAD3B1C7E76A307B418ADF466D06A66FB0EE78A1F62CB3A38D1A09E21A2B","True","354","354"
"DelimitedTextToNotes.bas","EF2EABAC9491C8064A04721183E664A7ABF503856778179C715C8CFF88192236","EF2EABAC9491C8064A04721183E664A7ABF503856778179C715C8CFF88192236","True","8698","8698"
"DontBreakWord.bas","E705940CE784D41DEBD3BFAC2D622ABB8CEC362A3335E389CD2B593824129CBB","E705940CE784D41DEBD3BFAC2D622ABB8CEC362A3335E389CD2B593824129CBB","True","234","234"
"EditHyphenationExceptionsList.bas","B239E64270215D0D1357775137BB92B8AEA370F5B2823CB13B177C1FFD3D2922","B239E64270215D0D1357775137BB92B8AEA370F5B2823CB13B177C1FFD3D2922","True","177","177"
"EditTitleCaseList.bas","6578472AF35F8867F2C7CFAAB2BFC974CAE1229AABA9DA8F0EF5904787D885D3","6578472AF35F8867F2C7CFAAB2BFC974CAE1229AABA9DA8F0EF5904787D885D3","True","141","141"
"EmDash.bas","E2DCC420799DF60DF0F322C4638DFBDFD326F9C6E9848BADD6F542EE91F4C1F9","E2DCC420799DF60DF0F322C4638DFBDFD326F9C6E9848BADD6F542EE91F4C1F9","True","408","408"
"EnDash.bas","AF8E596E2C5A7A42BCEF86A3EDE07AFD5F6BDEB57BEF194FBA757AB8E64125D9","AF8E596E2C5A7A42BCEF86A3EDE07AFD5F6BDEB57BEF194FBA757AB8E64125D9","True","410","410"
"EraseAllAnnotations.bas","FBBE783D76086592F61301624326225DF9372F7A536EA47E09D07CFD7082A3FA","FBBE783D76086592F61301624326225DF9372F7A536EA47E09D07CFD7082A3FA","True","2073","2073"
"ETKGoBack.bas","80F6C2E44D58F0FA2EC2FFF3B3C87D797F140E0929313D867F9BAB2ABB8F622A","80F6C2E44D58F0FA2EC2FFF3B3C87D797F140E0929313D867F9BAB2ABB8F622A","True","253","253"
"ETKGoTo.bas","9236E0F0ECA8702B19235533D56E2586CF97080C6BD9D4B8081A90F68D1D521D","9236E0F0ECA8702B19235533D56E2586CF97080C6BD9D4B8081A90F68D1D521D","True","253","253"
"ETKPlusInstall.bas","8487E4FE0EE4ADD218859328A19ADEE754AFF2A47BF289303FCB3E57151BB8C0","8487E4FE0EE4ADD218859328A19ADEE754AFF2A47BF289303FCB3E57151BB8C0","True","116","116"
"ETKPlusLibrary.bas","20DB5CFFF5A2BC3EE98202FBE73EB6755812384AC079CC1E5CD3B40583CCB1B4","20DB5CFFF5A2BC3EE98202FBE73EB6755812384AC079CC1E5CD3B40583CCB1B4","True","19929","19929"
"ETKPlusTrackRevisions.bas","8A805B26B64459AAA88DEA9C5AE482A2ECD009876856AE44CEC94581F7A70C6C","8A805B26B64459AAA88DEA9C5AE482A2ECD009876856AE44CEC94581F7A70C6C","True","263","263"
"ETKPlusUninstall.bas","A9BD6C2F1410DA42F699E6FF1AF3B3DE6272E1F6A7684CCB0C3A9422DE30A514","A9BD6C2F1410DA42F699E6FF1AF3B3DE6272E1F6A7684CCB0C3A9422DE30A514","True","118","118"
"ETKPlusUninstallFromRibbon.bas","4E40F90DAF09C6B2446C3DA4B3E2CE3D39D4F702B1E920A3B540F1D7BD1189F1","4E40F90DAF09C6B2446C3DA4B3E2CE3D39D4F702B1E920A3B540F1D7BD1189F1","True","194","194"
"ETKTrackRevsDlg.frm","32A8E06C0689715CF6ED1E432797F61B85C682686E68E53342B065087548D658","32A8E06C0689715CF6ED1E432797F61B85C682686E68E53342B065087548D658","True","1899","1899"
"ETKTrackRevsDlg.frx","EE4B0A79FF461247871AF93BCCA4F610DE8ACA3EA2FFB7DEF1CDEE33BDE2D42D","EE4B0A79FF461247871AF93BCCA4F610DE8ACA3EA2FFB7DEF1CDEE33BDE2D42D","True","5656","5656"
"ExportDocumentAs.frm","6CC51E7E64535B0735081CFE93C899F81AF4C7895692444F28657E570BB2DF6E","6CC51E7E64535B0735081CFE93C899F81AF4C7895692444F28657E570BB2DF6E","True","2242","2242"
"ExportDocumentAs.frx","B292A10CB4D6EDFE6350881FCAC9421001CCCB4E53C8274A3EC0089ABBB603F4","B292A10CB4D6EDFE6350881FCAC9421001CCCB4E53C8274A3EC0089ABBB603F4","True","6680","6680"
"FCOptions.frm","9252952717B0DCB1A87B2B5AEB6239F8EDE74290022F8E5C8167A5C6F23B30F6","9252952717B0DCB1A87B2B5AEB6239F8EDE74290022F8E5C8167A5C6F23B30F6","True","65893","65893"
"FCOptions.frx","D274A7C4F8040771682096922682D1BCC7EA0F854E1B9183FC50E7288C6932A7","D274A7C4F8040771682096922682D1BCC7EA0F854E1B9183FC50E7288C6932A7","True","28184","28184"
"FileCleaner.bas","FBA27CBA693B42B09DBCF1C926342EFBC53AAD8906AC93BBAEB23C50BFCE6DDA","FBA27CBA693B42B09DBCF1C926342EFBC53AAD8906AC93BBAEB23C50BFCE6DDA","True","58266","58266"
"FileCleanerLibrary.bas","FFF84F7566896CA851AF30D4C9F880B0B3BA5D39F0C34C9A0E56A0CE05C112E1","FFF84F7566896CA851AF30D4C9F880B0B3BA5D39F0C34C9A0E56A0CE05C112E1","True","119270","119270"
"FindAgainBackward.bas","17106FF71F15932A5C9C02974042878285C8859AB18F520D7178FBCA9AC9F6D5","17106FF71F15932A5C9C02974042878285C8859AB18F520D7178FBCA9AC9F6D5","True","161","161"
"FindAgainForward.bas","6C20C9FEED4B9756409B0732E5A2A8A6316BB5A371D01BD6F69263C90B3A249D","6C20C9FEED4B9756409B0732E5A2A8A6316BB5A371D01BD6F69263C90B3A249D","True","163","163"
"FindAgainReplace.bas","CF982BCF6485239981F9FB503C7D2507584EA6E42970489A62C599014E8F9C5A","CF982BCF6485239981F9FB503C7D2507584EA6E42970489A62C599014E8F9C5A","True","510","510"
"FindEditingPlace.bas","6F3AEB688D309DF28AE774A863A1AF12D9443A8B5FB925785891E5D4FC7AC618","6F3AEB688D309DF28AE774A863A1AF12D9443A8B5FB925785891E5D4FC7AC618","True","1676","1676"
"FindReplaceExtended.bas","E904BF7770AE45396751E2E6DE3771492D1C965EEE31B6ACF881E2DC7764D8E3","E904BF7770AE45396751E2E6DE3771492D1C965EEE31B6ACF881E2DC7764D8E3","True","2407","2407"
"FinishEditedDocs.frm","1497623149176891525FF155AE694DA8A588A5632634E9DA2EBF69B39B54A8C3","1497623149176891525FF155AE694DA8A588A5632634E9DA2EBF69B39B54A8C3","True","3023","3023"
"FinishEditedDocs.frx","B3BFD004C3992D716CB49112FFCE0382E7DEEFA2831F8FD3EC480A497A845C8D","B3BFD004C3992D716CB49112FFCE0382E7DEEFA2831F8FD3EC480A497A845C8D","True","8216","8216"
"FinishEditedDocuments.bas","52D7601CEB0A6A2C884875BCDE822C38E3C60E284BC76D93A689A644C5D2C860","52D7601CEB0A6A2C884875BCDE822C38E3C60E284BC76D93A689A644C5D2C860","True","3782","3782"
"FixCurlyQuotationMarks.bas","6ADEC5356CCD1A16B9EE9F9E6100CB19F40AAEA9226077183B8731F1C187FE29","6ADEC5356CCD1A16B9EE9F9E6100CB19F40AAEA9226077183B8731F1C187FE29","True","502","502"
"FixDoubleReturns.bas","59E7BDE800E7FB8B9DC09D4524A08F0AC7C4662C4AC66CD6CDEAEE59380FF7BD","59E7BDE800E7FB8B9DC09D4524A08F0AC7C4662C4AC66CD6CDEAEE59380FF7BD","True","581","581"
"FixDoubleSpaces.bas","9C01116C48E98A873D0EE98526845CBF10A0F02CB27B3CFCFACA507DBDDDB2B8","9C01116C48E98A873D0EE98526845CBF10A0F02CB27B3CFCFACA507DBDDDB2B8","True","576","576"
"FixEllipses.bas","FB67E8794C97CC218FAD10B9C6DD502072132DB5F2EFFB148789B7CB6CB4C01C","FB67E8794C97CC218FAD10B9C6DD502072132DB5F2EFFB148789B7CB6CB4C01C","True","582","582"
"FixIncorrectElls.bas","1DEFDDC45424A6FE43F347393FED4F101AC1654B22FF204039FA1BEF5EB54371","1DEFDDC45424A6FE43F347393FED4F101AC1654B22FF204039FA1BEF5EB54371","True","577","577"
"FixIncorrectOs.bas","8B8749422DA0418956281DF89F37D61017228CCAA7B6BF8CB165B3C1F9B64A41","8B8749422DA0418956281DF89F37D61017228CCAA7B6BF8CB165B3C1F9B64A41","True","572","572"
"FixPunctuationInsideQuoteMarks.bas","54459BEAE7E0486D01EFEA0A59B38A919CBFF0441B6020B0E7303029258EA849","54459BEAE7E0486D01EFEA0A59B38A919CBFF0441B6020B0E7303029258EA849","True","486","486"
"FixPunctuationWithItalics.bas","A01824A254EB910CD02B59A7E6FF3BA2542EC30EE8606AFE090558882CFFFD09","A01824A254EB910CD02B59A7E6FF3BA2542EC30EE8606AFE090558882CFFFD09","True","615","615"
"FixPunctuationWithQuoteMarks.bas","927C5F824E120F732A5D85EEA88B0ED49A2E0EE18054485CE0FEBA4111B936BF","927C5F824E120F732A5D85EEA88B0ED49A2E0EE18054485CE0FEBA4111B936BF","True","668","668"
"FixReturnAfterEachLine.bas","5B273729A7C7A9C42C29A3A7641CE75BA33AEE9C592AF61AFB98122C7CF91A4D","5B273729A7C7A9C42C29A3A7641CE75BA33AEE9C592AF61AFB98122C7CF91A4D","True","17340","17340"
"FixSoftReturnAfterEachLine.bas","AD58212125DC7C7F145762B57400646F6C79D04ACDF1036FC05702075C8F99B0","AD58212125DC7C7F145762B57400646F6C79D04ACDF1036FC05702075C8F99B0","True","6816","6816"
"FixSpacesAroundDashes.bas","E7F575C664C435DF967FB83EF8362D2CB87C4D28353189518071A7AAC92031DD","E7F575C664C435DF967FB83EF8362D2CB87C4D28353189518071A7AAC92031DD","True","650","650"
"FixStraightQuotationMarks.bas","7858F71530668F5F22D8A8D83284D693B36AB39CC40D7D5489A4A038C8837F97","7858F71530668F5F22D8A8D83284D693B36AB39CC40D7D5489A4A038C8837F97","True","629","629"
"FixWordWrap.bas","F123110CED2F9AD8FBE4225674A879C2E651D6729B4760BEF88ED8DAA9279643","F123110CED2F9AD8FBE4225674A879C2E651D6729B4760BEF88ED8DAA9279643","True","390","390"
"Frame2Text.bas","62B3AD995F23644E8F66625086452BCE0F8424B79640F7270871C0FE8B2F6F32","62B3AD995F23644E8F66625086452BCE0F8424B79640F7270871C0FE8B2F6F32","True","90","90"
"frmInsertXRef.frm","C43D94E1B3DE1823161A1EDA3FCB1D305D59B3827035314438D474A421046551","C43D94E1B3DE1823161A1EDA3FCB1D305D59B3827035314438D474A421046551","True","702","702"
"frmInsertXRef.frx","DA148893A0C3007C3984F90473CF9B2387C3793017718C36964AC8AA7755D213","DA148893A0C3007C3984F90473CF9B2387C3793017718C36964AC8AA7755D213","True","11800","11800"
"Go2Text.bas","FD526679A71ED82FE5E17AC3DE95CE0B851E64C29352DEB3716220C348F0C09A","FD526679A71ED82FE5E17AC3DE95CE0B851E64C29352DEB3716220C348F0C09A","True","3102","3102"
"Go2TextUserForm.frm","D98E6B87E8B32AB8386E0B4F5D0D3D7C74B72641EB373101470A8B9A7FA2CB7D","D98E6B87E8B32AB8386E0B4F5D0D3D7C74B72641EB373101470A8B9A7FA2CB7D","True","1269","1269"
"Go2TextUserForm.frx","0CD918925CBB8B080A3E04DA7320E8F8133C9E91FFBD47596D57BAD1EDB996F1","0CD918925CBB8B080A3E04DA7320E8F8133C9E91FFBD47596D57BAD1EDB996F1","True","3608","3608"
"GoBookmark1.bas","7C17915DCC86094FB6500C8165C06B91F1364F480981DDFCFCD2DDEED5CBC475","7C17915DCC86094FB6500C8165C06B91F1364F480981DDFCFCD2DDEED5CBC475","True","278","278"
"GoBookmark10.bas","408E969E5482E531A2AE91A8DFFBDCA5D68AE36F69AB7B482227A2EA6EC27E6B","408E969E5482E531A2AE91A8DFFBDCA5D68AE36F69AB7B482227A2EA6EC27E6B","True","278","278"
"GoBookmark2.bas","0A483E2EE4758DCBD3C26EFA2DDEB534A451C227329ED682D22A5EC149656A10","0A483E2EE4758DCBD3C26EFA2DDEB534A451C227329ED682D22A5EC149656A10","True","278","278"
"GoBookmark3.bas","47A4884498321E9599E4744D3F9C34108E1C1FB00C6150E0A6E30B816A410300","47A4884498321E9599E4744D3F9C34108E1C1FB00C6150E0A6E30B816A410300","True","278","278"
"GoBookmark4.bas","221B319BA30751966C09544EDEA8101B34B0E5DC0F8E8D4C12D386E80D84F709","221B319BA30751966C09544EDEA8101B34B0E5DC0F8E8D4C12D386E80D84F709","True","278","278"
"GoBookmark5.bas","290C5737AAA331FD2BA6F4F4ECB09F50A1572B05F83F9BDA365249720D546D57","290C5737AAA331FD2BA6F4F4ECB09F50A1572B05F83F9BDA365249720D546D57","True","278","278"
"GoBookmark6.bas","88B4D9109D76C8375C933CA2452C82A263F06D5DE73A008383DF6A83BAC9DADC","88B4D9109D76C8375C933CA2452C82A263F06D5DE73A008383DF6A83BAC9DADC","True","278","278"
"GoBookmark7.bas","98BB9E27B370E95D865919841A33FE409C728B99E0445F2A31AC85F99F8C6971","98BB9E27B370E95D865919841A33FE409C728B99E0445F2A31AC85F99F8C6971","True","278","278"
"GoBookmark8.bas","FD91061983B272831CE395D1EDA20EC5F667E6607FF3975AA0085E62AC9EBB6D","FD91061983B272831CE395D1EDA20EC5F667E6607FF3975AA0085E62AC9EBB6D","True","278","278"
"GoBookmark9.bas","209435F3D5A3D47F630C6D4A70526E75EAA9D1D6F4EA8DC0E31E20890E43F35F","209435F3D5A3D47F630C6D4A70526E75EAA9D1D6F4EA8DC0E31E20890E43F35F","True","278","278"
"Heading1Demote.bas","5F5C34E6433107064A402804BC908220CA4AB56E10414C5B31224B5CC6B52126","5F5C34E6433107064A402804BC908220CA4AB56E10414C5B31224B5CC6B52126","True","793","793"
"Heading2Demote.bas","E89BEEA9866A04553D331F60B127281C0B784EA9D51CD260AF303AA59AF13545","E89BEEA9866A04553D331F60B127281C0B784EA9D51CD260AF303AA59AF13545","True","793","793"
"Heading2Promote.bas","F7A89011F5E4D1566722E5DF138F5D704A81AB96D80BA051C5CB949587CB14B6","F7A89011F5E4D1566722E5DF138F5D704A81AB96D80BA051C5CB949587CB14B6","True","795","795"
"Heading3Demote.bas","E7029AD47823D6FA6F6E0B6F18E4D05583DB7ED9EA030F2459D6D68C4BD51872","E7029AD47823D6FA6F6E0B6F18E4D05583DB7ED9EA030F2459D6D68C4BD51872","True","799","799"
"Heading3Promote.bas","E9394E6931D9487B01363FCB189D64853066845385853E6ABC659979AAB06144","E9394E6931D9487B01363FCB189D64853066845385853E6ABC659979AAB06144","True","795","795"
"Heading4Promote.bas","6969487F27D96017A17F83AC6B9454BE098BE74C5BDCCE74DA8DD1526A434474","6969487F27D96017A17F83AC6B9454BE098BE74C5BDCCE74DA8DD1526A434474","True","797","797"
"HeadingLevelsDemote.bas","A50DBD9418D6A8C4880D6EFA89432C24C5D8922C75ADD2F311702A53EF13E4C2","A50DBD9418D6A8C4880D6EFA89432C24C5D8922C75ADD2F311702A53EF13E4C2","True","3580","3580"
"HeadingLevelsPromote.bas","832F23DD69EB3E60CEF39C22561232AE6061E1ED170D8DF46C3CA17F71425DE7","832F23DD69EB3E60CEF39C22561232AE6061E1ED170D8DF46C3CA17F71425DE7","True","3618","3618"
"IdentifyNextCharacter.bas","B0352C0BFDE569CDF4BD03519548C7ABD1C64C7347E7B4E627731AE36FCFA1D1","B0352C0BFDE569CDF4BD03519548C7ABD1C64C7347E7B4E627731AE36FCFA1D1","True","1130","1130"
"IDOptions.frm","0008519B5F789AC9F07C0054620F918B35359435533948F6A56DB4F8AD2F4896","0008519B5F789AC9F07C0054620F918B35359435533948F6A56DB4F8AD2F4896","True","2229","2229"
"IDOptions.frx","270570B109FD28CCD187536497979D5198F61AEA15EC5EECE5F0C36F19793239","270570B109FD28CCD187536497979D5198F61AEA15EC5EECE5F0C36F19793239","True","8216","8216"
"InDesignConverter.bas","50929584B31C88000FC4E1DD05EEC77E294BE06E062A813496AB0AD333DAB11A","50929584B31C88000FC4E1DD05EEC77E294BE06E062A813496AB0AD333DAB11A","True","18327","18327"
"InDesignConverterRoutines.bas","D41366BAD2773C66DD5CFC4E59C56395B933906A83F3660DB9696FBB04483450","D41366BAD2773C66DD5CFC4E59C56395B933906A83F3660DB9696FBB04483450","True","82789","82789"
"InsertFromSpike.bas","495AAFF496C0FF2F99CF48520454B44E81BFD6FEB96D82D8D0E6F16B6C191EC2","495AAFF496C0FF2F99CF48520454B44E81BFD6FEB96D82D8D0E6F16B6C191EC2","True","249","249"
"KeepParaLastWordsTogether.bas","718176DDA73ADC271F4545F17AB9E15C6FC3EAB6E7754443B31E6CEAD9338211","718176DDA73ADC271F4545F17AB9E15C6FC3EAB6E7754443B31E6CEAD9338211","True","420","420"
"KeepRevision.bas","85149EC8FA1C9655E5C7D477601CC0E5B7E7EDEA3288FAF4A68806384655D21B","85149EC8FA1C9655E5C7D477601CC0E5B7E7EDEA3288FAF4A68806384655D21B","True","498","498"
"KillRevision.bas","01921F58FE3FE09A3CBCBC9626BED6FC0F691CF84743B300B048E02E5267F425","01921F58FE3FE09A3CBCBC9626BED6FC0F691CF84743B300B048E02E5267F425","True","496","496"
"LFUserForm1.frm","E0D054D4FC99FA34343A038726F0EA8B1B707D4553CCF4CCA98BD9C886184737","E0D054D4FC99FA34343A038726F0EA8B1B707D4553CCF4CCA98BD9C886184737","True","1253","1253"
"LFUserForm1.frx","E0E2AFF9D17D5259A0ED008B583FD02CFE21CE41D51BCB50D7F3ACB7B588BDAE","E0E2AFF9D17D5259A0ED008B583FD02CFE21CE41D51BCB50D7F3ACB7B588BDAE","True","5656","5656"
"LFUserForm2.frm","A2D2417C6780DDCD029920D6CC90FB791A9DEAD998FF0E269732AA0D7BF202E6","A2D2417C6780DDCD029920D6CC90FB791A9DEAD998FF0E269732AA0D7BF202E6","True","1490","1490"
"LFUserForm2.frx","6112F9883DC1B5D78530BC60DBFE0EFB90778457AB66AB4278D91CF60B51DBAE","6112F9883DC1B5D78530BC60DBFE0EFB90778457AB66AB4278D91CF60B51DBAE","True","5656","5656"
"LicenseAgreement.frm","F2AB60766953B3C261C339A0E94677BA6AEA3F2D944EF808F2EE5EDF0A3B9FB4","F2AB60766953B3C261C339A0E94677BA6AEA3F2D944EF808F2EE5EDF0A3B9FB4","True","745","745"
"LicenseAgreement.frx","2AA587E50C7271B0F096716FCF193088AE70E8E7948140CBD6F12F6F53C21132","2AA587E50C7271B0F096716FCF193088AE70E8E7948140CBD6F12F6F53C21132","True","6168","6168"
"LockPages.bas","F748EA56A161229CB35468FF2CD64FE6C0E2F91695E7932487802FE6C789E285","F748EA56A161229CB35468FF2CD64FE6C0E2F91695E7932487802FE6C789E285","True","10052","10052"
"Lookups.bas","7357F1C6958E02EBB27F5504CFAB228B022C7871B93B1B136AD4ACFD8C4920F6","7357F1C6958E02EBB27F5504CFAB228B022C7871B93B1B136AD4ACFD8C4920F6","True","3496","3496"
"LookUpsForm.frm","9E3ECC09FAA295AD6BE1E43CE6C30D925C4C17E364F81C3B1FE30718F3F3B085","9E3ECC09FAA295AD6BE1E43CE6C30D925C4C17E364F81C3B1FE30718F3F3B085","True","3102","3102"
"LookUpsForm.frx","1992CF34284A06A56081E540E8BA0D7020544A8EF5722FCF582B8E1AE9841B5D","1992CF34284A06A56081E540E8BA0D7020544A8EF5722FCF582B8E1AE9841B5D","True","9240","9240"
"LoremIpsum.bas","4E5A41B7B74E9E04B91C74CD0EC13D7BB413FE82CFC698C344E3C6045CC60D6E","4E5A41B7B74E9E04B91C74CD0EC13D7BB413FE82CFC698C344E3C6045CC60D6E","True","7596","7596"
"LoremOptions.frm","56398C2D94053A7C2B86FC1B0618D47955B1E937BF45FB66DEFF827AF6C47C0B","56398C2D94053A7C2B86FC1B0618D47955B1E937BF45FB66DEFF827AF6C47C0B","True","1853","1853"
"LoremOptions.frx","24CCA0F4DC88493C1222EDC4FAB2A011DE9E0F605EB0F70636F4777623A5510A","24CCA0F4DC88493C1222EDC4FAB2A011DE9E0F605EB0F70636F4777623A5510A","True","5656","5656"
"LowercaseSelection.bas","010F18D4056AC77242E50B2937C5E3E03E550C9AB044256317B373C5E72329C3","010F18D4056AC77242E50B2937C5E3E03E550C9AB044256317B373C5E72329C3","True","5281","5281"
"LowercaseWord.bas","8373C3C13428E1311F9D5378DDF93B521CF377803D51F6AD76E729E7A9326538","8373C3C13428E1311F9D5378DDF93B521CF377803D51F6AD76E729E7A9326538","True","3335","3335"
"LowercaseWordNoTracking.bas","B13E0E639D8A80EB7B6BA5DE13063D186EC353CD219804CBA281E26B0E8DAA2B","B13E0E639D8A80EB7B6BA5DE13063D186EC353CD219804CBA281E26B0E8DAA2B","True","380","380"
"Main.bas","D14B23B79E15EFEF333ADA6E65411ECB9DB70038FD57FA90AAA6AB223447A3F4","D14B23B79E15EFEF333ADA6E65411ECB9DB70038FD57FA90AAA6AB223447A3F4","True","31244","31244"
"MakeWordItalicOrRoman.bas","25D2881C2F39FDA383BF60D9B3F94BCA331BBA5F5CE8A25503BC2D23E982AFBC","25D2881C2F39FDA383BF60D9B3F94BCA331BBA5F5CE8A25503BC2D23E982AFBC","True","1360","1360"
"ManageStyles.bas","1F623251C14CC4DE4C1B246E68EE09A677E5817EB29F1449260D3FB4CC9FEA9D","1F623251C14CC4DE4C1B246E68EE09A677E5817EB29F1449260D3FB4CC9FEA9D","True","1157","1157"
"MarkEditingPlace.bas","8E4275FFC8A22F98C387141122EF77F9A7ACD2C4ADB95F27829E2822FB051281","8E4275FFC8A22F98C387141122EF77F9A7ACD2C4ADB95F27829E2822FB051281","True","429","429"
"MegaReplacer.bas","5B4BBB90377E2E6C3A95D8DA4B164B0EC11C69DAB3C009C60D74CF81D51369F3","5B4BBB90377E2E6C3A95D8DA4B164B0EC11C69DAB3C009C60D74CF81D51369F3","True","46677","46677"
"MRConvertOldStylesTable.bas","3C5B5D93A39C9309E97C5CB5F39B171196536F3C26329DE8D911161CE7C0F4FF","3C5B5D93A39C9309E97C5CB5F39B171196536F3C26329DE8D911161CE7C0F4FF","True","3064","3064"
"MRConvertOldTextTable.bas","B044C53A6616C808EBFD8DA0629BB5C27FF095C0A01CD8DADFAAC056C2DE095F","B044C53A6616C808EBFD8DA0629BB5C27FF095C0A01CD8DADFAAC056C2DE095F","True","3396","3396"
"MRCreateStylesTable.bas","48DB75EFC9BFE26C269CFE120ED4E784A36C61D8BF444BE3B8EC2AE122E13417","48DB75EFC9BFE26C269CFE120ED4E784A36C61D8BF444BE3B8EC2AE122E13417","True","2509","2509"
"MRCreateTextTable.bas","E8AD438DDC0FC90ED87B9C7C3BEC7FD2B1299816C08033BF1B9044263B0188D1","E8AD438DDC0FC90ED87B9C7C3BEC7FD2B1299816C08033BF1B9044263B0188D1","True","5411","5411"
"MRManualText.frm","DA70128B08A5F164BFC3EDAEA7A6F63BDC61896419EE4CFC3F0C75901EFD7DFA","DA70128B08A5F164BFC3EDAEA7A6F63BDC61896419EE4CFC3F0C75901EFD7DFA","True","4311","4311"
"MRManualText.frx","43C0321441769A44ACE84511B743763D9557D81A5F55918401ECA534D3C9C707","43C0321441769A44ACE84511B743763D9557D81A5F55918401ECA534D3C9C707","True","3608","3608"
"MRPickTemplate.frm","2BAF63392149C7C865A14BE123D7CB2759A8805FD70E58324383F959519E3CFC","2BAF63392149C7C865A14BE123D7CB2759A8805FD70E58324383F959519E3CFC","True","1397","1397"
"MRPickTemplate.frx","30D2B6F8BA4B23631B962203240192B07178706DEFEC8F4BFF864A160E32F48B","30D2B6F8BA4B23631B962203240192B07178706DEFEC8F4BFF864A160E32F48B","True","5656","5656"
"MRUserForm1ReplaceWhat.frm","3A7714A265CA0238927901F8DCD59E82C5B6FBDDCA43C3CFE84FC1A83AE4635D","3A7714A265CA0238927901F8DCD59E82C5B6FBDDCA43C3CFE84FC1A83AE4635D","True","2366","2366"
"MRUserForm1ReplaceWhat.frx","F443A751FD37C6199E40623BED9E28674392B99FE4202AC4879EA1DB6105E507","F443A751FD37C6199E40623BED9E28674392B99FE4202AC4879EA1DB6105E507","True","8728","8728"
"MRUserForm5FormatsVarious.frm","E1BFE288B38A1760B8BF35C1FC213C24999D64415215ED1A70E4421859097D22","E1BFE288B38A1760B8BF35C1FC213C24999D64415215ED1A70E4421859097D22","True","15764","15764"
"MRUserForm5FormatsVarious.frx","C85BC525325063DCD1E422BFDBB5CAFEE220672435D6F5B0D648D6984822E50B","C85BC525325063DCD1E422BFDBB5CAFEE220672435D6F5B0D648D6984822E50B","True","10264","10264"
"MRUserForm6Template.frm","3EFC707F7926C74675D2A9B2C1F644CAD73222F6F006F5D8A3EE76D062F32C94","3EFC707F7926C74675D2A9B2C1F644CAD73222F6F006F5D8A3EE76D062F32C94","True","1092","1092"
"MRUserForm6Template.frx","62B4C4C929F91CE8565ED5E44EB7757F3E4B6FA67DF6F913B34F3CFA7E2AF0A5","62B4C4C929F91CE8565ED5E44EB7757F3E4B6FA67DF6F913B34F3CFA7E2AF0A5","True","3096","3096"
"NoBreakLastWordInHyphenatedPair.bas","90E5D48616173376430531DC117FDFE1317E1F117E386D94BFA1C63B009169F9","90E5D48616173376430531DC117FDFE1317E1F117E386D94BFA1C63B009169F9","True","382","382"
"NoBreakLastWordPara.bas","BCCBE53011DBF8AD3B89D601CA088334500965F53AF205F8BF53DE5E6E582B54","BCCBE53011DBF8AD3B89D601CA088334500965F53AF205F8BF53DE5E6E582B54","True","412","412"
"NoBreakWordAfterHyphenOrDash.bas","439419835443FCFDE9D2619E036AE84BD6EEFAC602F7DE0D13DF3B66613518E9","439419835443FCFDE9D2619E036AE84BD6EEFAC602F7DE0D13DF3B66613518E9","True","426","426"
"NotesToParentheticalText.bas","DD67B80451FD2467AECB59BFA4BDCB6600D0FABF0EA4B524548D0452420D51AF","DD67B80451FD2467AECB59BFA4BDCB6600D0FABF0EA4B524548D0452420D51AF","True","3648","3648"
"NotesToText.bas","5C8AC43120B81428CDD05AC1A62DECE59864F1CAB2693A4DA8C69A5E629542D5","5C8AC43120B81428CDD05AC1A62DECE59864F1CAB2693A4DA8C69A5E629542D5","True","24753","24753"
"NSUserForm14.frm","D37118790761FB122A49F6DF3AF43B610CD04C52A8215EFE8B56EAE0BD23D130","D37118790761FB122A49F6DF3AF43B610CD04C52A8215EFE8B56EAE0BD23D130","True","1263","1263"
"NSUserForm14.frx","1701F1038CC685B803253C9579D78506A7E01174C678A8458DF1E8EC55471B68","1701F1038CC685B803253C9579D78506A7E01174C678A8458DF1E8EC55471B68","True","5656","5656"
"NSUserForm15.frm","7A05F3797ED7859278435B9C61120E0494194FD6619AD1316062919002111879","7A05F3797ED7859278435B9C61120E0494194FD6619AD1316062919002111879","True","1274","1274"
"NSUserForm15.frx","177C38754ACDB2C9767515ADDEE8B9C42C2B3D6FC6E5C36A455098EC12CCD5C8","177C38754ACDB2C9767515ADDEE8B9C42C2B3D6FC6E5C36A455098EC12CCD5C8","True","5656","5656"
"NSUserForm16.frm","50B1D7D90EBE7A855D7FB6E59D37C2A143A8662AA6505151AB2B97778547595F","50B1D7D90EBE7A855D7FB6E59D37C2A143A8662AA6505151AB2B97778547595F","True","1017","1017"
"NSUserForm16.frx","8F136F865439CE281B52523FB2E0F1ED40995017CBA9FA9B458C83C5B1C1B91E","8F136F865439CE281B52523FB2E0F1ED40995017CBA9FA9B458C83C5B1C1B91E","True","3096","3096"
"NSUserForm17.frm","6908E160B6AF0C3BF10C218EEB02067F7E8E955E63CF06A88866724ADC4B17F0","6908E160B6AF0C3BF10C218EEB02067F7E8E955E63CF06A88866724ADC4B17F0","True","1646","1646"
"NSUserForm17.frx","C6944B4F1267E9621803BAE1A6494AE2E4FCB3482FAF69ABFB45D60551D011A5","C6944B4F1267E9621803BAE1A6494AE2E4FCB3482FAF69ABFB45D60551D011A5","True","7704","7704"
"NSUserForm3.frm","3A4141D2F9376285824333308F32AD4B726E3ED55845168DE425A7EAF08B506C","3A4141D2F9376285824333308F32AD4B726E3ED55845168DE425A7EAF08B506C","True","1706","1706"
"NSUserForm3.frx","74446C71F46E60BF86EA84BC5ECD0341166B9AB980E0BA66E011CCC6969F978A","74446C71F46E60BF86EA84BC5ECD0341166B9AB980E0BA66E011CCC6969F978A","True","7192","7192"
"NSUserForm4.frm","24839172BE6A6EEC409E11FE8FD2F3D16E24C8A3BA426A04F474A48126F1C38E","24839172BE6A6EEC409E11FE8FD2F3D16E24C8A3BA426A04F474A48126F1C38E","True","1230","1230"
"NSUserForm4.frx","2BEFB1C2B42003C0E530C9EBA92F26D0DF2B7204ED55088B4A60B065F224E654","2BEFB1C2B42003C0E530C9EBA92F26D0DF2B7204ED55088B4A60B065F224E654","True","5656","5656"
"NSUserForm7.frm","528AC4D6426973AB7961EE73411A841330539014E98A83C83EF6F5B0816291FA","528AC4D6426973AB7961EE73411A841330539014E98A83C83EF6F5B0816291FA","True","2708","2708"
"NSUserForm7.frx","C4D6B2884656CBDED5DD1B8D5E4B8984F0F407A1189B0D682F012E39DEBA8AA2","C4D6B2884656CBDED5DD1B8D5E4B8984F0F407A1189B0D682F012E39DEBA8AA2","True","9240","9240"
"NumericHyphensToEnDashes.bas","00EBE318DD757123AED35000673599C3AF9E8ED9741661EE47962E06D84166D2","00EBE318DD757123AED35000673599C3AF9E8ED9741661EE47962E06D84166D2","True","609","609"
"PageDownETK.bas","6E8A8DF2186FDE930BC1D55AA32AD02A1D1F050918471762B3647B7738E12F27","6E8A8DF2186FDE930BC1D55AA32AD02A1D1F050918471762B3647B7738E12F27","True","21784","21784"
"PageUpETK.bas","09A910C1D17BEF11556F66BBFB7454B1D3150C698AFE08B01E20F6DA48177745","09A910C1D17BEF11556F66BBFB7454B1D3150C698AFE08B01E20F6DA48177745","True","18011","18011"
"Pandoc.bas","0A6B37590FBCDECB43C3D8EAA480B2265835D1B3C1A18CA848A9EA538143B07D","0A6B37590FBCDECB43C3D8EAA480B2265835D1B3C1A18CA848A9EA538143B07D","True","17281","17281"
"ParentheticalTextToNotes.bas","05F309438CC269AF559B7762CA38BF68349A985F6DDB58D52E18954671EEB3B2","05F309438CC269AF559B7762CA38BF68349A985F6DDB58D52E18954671EEB3B2","True","6582","6582"
"PasswordEnter.frm","CCBB01F80AD260F6D38F08924806B62DA33A242D6828BB21005334EBD6711244","CCBB01F80AD260F6D38F08924806B62DA33A242D6828BB21005334EBD6711244","True","1145","1145"
"PasswordEnter.frx","715B5CF397975886844A4F1B2311ED4C98449AFD029857B12D7309DC0D68E7A9","715B5CF397975886844A4F1B2311ED4C98449AFD029857B12D7309DC0D68E7A9","True","3608","3608"
"PgDnETK.bas","23AEBB5D966D5245E1B92D9DAC16F2668C684E7F42360702BF512C7CD031A49F","23AEBB5D966D5245E1B92D9DAC16F2668C684E7F42360702BF512C7CD031A49F","True","1308","1308"
"PgUpETK.bas","2092AFB977FDC26631C5067017A2FB4107E200852DBD86B2465E04B0C6E6B63F","2092AFB977FDC26631C5067017A2FB4107E200852DBD86B2465E04B0C6E6B63F","True","304","304"
"PrepareDocsForEditing.frm","2CC8F00A96D120B2FA3FFB4AF2C9CC5E3B3C8AA9C51DD9D7D3C2DCF9A6B728E2","2CC8F00A96D120B2FA3FFB4AF2C9CC5E3B3C8AA9C51DD9D7D3C2DCF9A6B728E2","True","3892","3892"
"PrepareDocsForEditing.frx","7187754108D34D34581E9433E9D04EF900581BCC18579D44D0650BEACF18D74D","7187754108D34D34581E9433E9D04EF900581BCC18579D44D0650BEACF18D74D","True","6168","6168"
"PrepareDocumentsForEditing.bas","15DAF41CA5D56D13A77A2389202C119AF9D281F2DA38A438BE77702B2699D3FE","15DAF41CA5D56D13A77A2389202C119AF9D281F2DA38A438BE77702B2699D3FE","True","4127","4127"
"ProgressBar.frm","0ADE9ED053648EC24AEC72551B82EE6CAFF760F7900268B05B106433B11D0247","0ADE9ED053648EC24AEC72551B82EE6CAFF760F7900268B05B106433B11D0247","True","1380","1380"
"ProgressBar.frx","9B32F6BA96972958014A946B3DA57FCA1B5151328BFC2E409287EB2A3EC2759A","9B32F6BA96972958014A946B3DA57FCA1B5151328BFC2E409287EB2A3EC2759A","True","2584","2584"
"ProgressBarFC.frm","28F83DCE187F5046173F2A0A7735FEC227C128B0E8E3B1E2AAD43095E73A3547","28F83DCE187F5046173F2A0A7735FEC227C128B0E8E3B1E2AAD43095E73A3547","True","1438","1438"
"ProgressBarFC.frx","0FD33E14719F8B448371E76ED95E51A9188D469EC0A2C09D67AEF6263E102990","0FD33E14719F8B448371E76ED95E51A9188D469EC0A2C09D67AEF6263E102990","True","2584","2584"
"ProgressBarMR.frm","16691CEDEDD856452B135ABBB95351D737E10702C9034411082EB5CED9F72F35","16691CEDEDD856452B135ABBB95351D737E10702C9034411082EB5CED9F72F35","True","1438","1438"
"ProgressBarMR.frx","BACF043DBD9E6DF2698D8C6ADA2AE441EFD1803E8D710FD5F659CA578D9F2D04","BACF043DBD9E6DF2698D8C6ADA2AE441EFD1803E8D710FD5F659CA578D9F2D04","True","3096","3096"
"ProjectClose.bas","C36724AF6C6C95170E402B68A76B2C305D3560934D453015712998C016E757FA","C36724AF6C6C95170E402B68A76B2C305D3560934D453015712998C016E757FA","True","3568","3568"
"ProjectCloseForm.frm","1BBC85022487AFEC6006715019D371DA7EBA7DC7D45AA1BA55EA4E7A8087527B","1BBC85022487AFEC6006715019D371DA7EBA7DC7D45AA1BA55EA4E7A8087527B","True","5633","5633"
"ProjectCloseForm.frx","97B3575E54B94D5C943D6E9FB2EA15F6B4469FAAD8A97E7A22E38283D3698522","97B3575E54B94D5C943D6E9FB2EA15F6B4469FAAD8A97E7A22E38283D3698522","True","3096","3096"
"ProjectDelete.bas","200D3420D1F5C6F71613B0B3ABB402643300B99463750308CA9F844BA4219ACE","200D3420D1F5C6F71613B0B3ABB402643300B99463750308CA9F844BA4219ACE","True","344","344"
"ProjectDeleteForm.frm","8F47E9BC43211BAB1349F635908EC2E98F2C47887ECE23EAC735AFF77821FC6F","8F47E9BC43211BAB1349F635908EC2E98F2C47887ECE23EAC735AFF77821FC6F","True","7124","7124"
"ProjectDeleteForm.frx","689302E3132DD042207C63466C08441E6248A4CE17187BA2E337C64DF76A171D","689302E3132DD042207C63466C08441E6248A4CE17187BA2E337C64DF76A171D","True","3096","3096"
"ProjectMerge.bas","D625CA289325BFE7CF80026412ADF06DA4F0C3DA34CBB19CDCFB63CBB6DE1058","D625CA289325BFE7CF80026412ADF06DA4F0C3DA34CBB19CDCFB63CBB6DE1058","True","2800","2800"
"ProjectOpen.bas","05FF6C248AC9CAD5F6184D59F5E3F5CF538BCFDCE30108A9BE069B8C57D07241","05FF6C248AC9CAD5F6184D59F5E3F5CF538BCFDCE30108A9BE069B8C57D07241","True","3535","3535"
"ProjectOpenForm.frm","29CF158280F63F61789B72CC71FDD83BE82C16DB53AB43759FCF1B4C19BA9E93","29CF158280F63F61789B72CC71FDD83BE82C16DB53AB43759FCF1B4C19BA9E93","True","5626","5626"
"ProjectOpenForm.frx","D42C6A42E3C8B50A612C558EBF5D7934DDF0DA2BB633A1249957F2214FC8FD6C","D42C6A42E3C8B50A612C558EBF5D7934DDF0DA2BB633A1249957F2214FC8FD6C","True","3096","3096"
"ProjectSave.bas","A79703DEF1F9B8FBBEC73706C79EFB21581A22B6ED51F7D8B73E68B0F04370DE","A79703DEF1F9B8FBBEC73706C79EFB21581A22B6ED51F7D8B73E68B0F04370DE","True","4341","4341"
"ProjectSaveForm.frm","35F248997C076AFA25BE00554A266A2B828DE486AD308C885224C136D97E2717","35F248997C076AFA25BE00554A266A2B828DE486AD308C885224C136D97E2717","True","6031","6031"
"ProjectSaveForm.frx","B21295504DC060AC38C5646B41F53BFD4E23C674406D1E8F868EEBB0B37F7A19","B21295504DC060AC38C5646B41F53BFD4E23C674406D1E8F868EEBB0B37F7A19","True","3096","3096"
"Puller.bas","7F2C42836DA6427800EB7955EEDA8291D26C6E2C80460360D4A14B8B01537E81","7F2C42836DA6427800EB7955EEDA8291D26C6E2C80460360D4A14B8B01537E81","True","18028","18028"
"PutAbbreviationsInSmallCaps.bas","4054F8F3BFD46DF563C4599409816A47357495917AFB53E9B07BF02DDA94F2B6","4054F8F3BFD46DF563C4599409816A47357495917AFB53E9B07BF02DDA94F2B6","True","592","592"
"PUUserForm3.frm","89F16B020BDBE59292291F6CA7C049C0FF781178CB71419F9BCA76E769D66199","89F16B020BDBE59292291F6CA7C049C0FF781178CB71419F9BCA76E769D66199","True","15208","15208"
"PUUserForm3.frx","79C3CBBB03420C3AA1CD648747C35290C112231C6F00DD35E87FC0E4ABD35A30","79C3CBBB03420C3AA1CD648747C35290C112231C6F00DD35E87FC0E4ABD35A30","True","10776","10776"
"PUUserForm4.frm","173913D42AC60979B2F7C34BF61371D89B59E84DC5AE4F497C1120DFFA4536E0","173913D42AC60979B2F7C34BF61371D89B59E84DC5AE4F497C1120DFFA4536E0","True","2938","2938"
"PUUserForm4.frx","183F2E4E29D5EB610D960C9707194F4E90CCC46D86EA430D85DD54A8154B1510","183F2E4E29D5EB610D960C9707194F4E90CCC46D86EA430D85DD54A8154B1510","True","6168","6168"
"PUUserForm5.frm","E37CC190AF6F95868F75AC7D77E77B199996F242A0D51E45D006D9F0C4BFE1FA","E37CC190AF6F95868F75AC7D77E77B199996F242A0D51E45D006D9F0C4BFE1FA","True","2417","2417"
"PUUserForm5.frx","550387BB5005FED99896686B55B5F0076B4240D4EBE8BCFEFAAA93BC6BF8D537","550387BB5005FED99896686B55B5F0076B4240D4EBE8BCFEFAAA93BC6BF8D537","True","6168","6168"
"QuarkConverter.bas","BD8C05381510AFA466D65841C66288D855398A996DC22DC93B32F83EAABA3016","BD8C05381510AFA466D65841C66288D855398A996DC22DC93B32F83EAABA3016","True","17760","17760"
"QuarkConverterRoutines.bas","B0488B688E4B8BC3D0E7FC1321C112997E72CDCDEE02FF2BC5E6E571BB4E2D3F","B0488B688E4B8BC3D0E7FC1321C112997E72CDCDEE02FF2BC5E6E571BB4E2D3F","True","80065","80065"
"Quotify.bas","B461F7031BF12198059C30023179AE03949952879C3CB21A485AB26F63ACEF74","B461F7031BF12198059C30023179AE03949952879C3CB21A485AB26F63ACEF74","True","33547","33547"
"QuotifyParas.frm","BD0292667416BDD4825855F8FB017585EDFA54BCFA35E7DDFFD9BBAA09EC0940","BD0292667416BDD4825855F8FB017585EDFA54BCFA35E7DDFFD9BBAA09EC0940","True","1525","1525"
"QuotifyParas.frx","3A77554179AED677082FEDFE70B7257B848A36C1FFFC289785FDC548FFA115F9","3A77554179AED677082FEDFE70B7257B848A36C1FFFC289785FDC548FFA115F9","True","5656","5656"
"QXPOptions.frm","4DC98B9A71521206C9C2F7820ACCD3864B5EB7B78BCE36EF469E3F1BD77F8D94","4DC98B9A71521206C9C2F7820ACCD3864B5EB7B78BCE36EF469E3F1BD77F8D94","True","6915","6915"
"QXPOptions.frx","BFE47AEF7B9E8E3EC4BB0AA5AC10096E67A36E672E427CFF819AB51F7F3BBF96","BFE47AEF7B9E8E3EC4BB0AA5AC10096E67A36E672E427CFF819AB51F7F3BBF96","True","12312","12312"
"Readability.bas","054A90B8248D3AFCFBEEF5E8571A3642566114E50310AEAD27858434B212516C","054A90B8248D3AFCFBEEF5E8571A3642566114E50310AEAD27858434B212516C","True","4737","4737"
"ReadUserManual.bas","E543E06BFCE9237977891E47E498B0C46E147A2ACAE2C7190028E0407D26FD58","E543E06BFCE9237977891E47E498B0C46E147A2ACAE2C7190028E0407D26FD58","True","837","837"
"ReapplyStyles.bas","62B760C0682DA203CFD955855A080C2B45983F27FB3FD2F72E9D368FC399DDC9","62B760C0682DA203CFD955855A080C2B45983F27FB3FD2F72E9D368FC399DDC9","True","782","782"
"References.bas","D694D034A65E2ABC4435363171688A127619A7BF2F3BCD6933A13D4C5C981938","D694D034A65E2ABC4435363171688A127619A7BF2F3BCD6933A13D4C5C981938","True","3312","3312"
"ReferenceWorksForm.frm","9FA2F9D0DA909ACA2D95CA08199119E9DD57A06FF4EE62CC25D551F511596FE2","9FA2F9D0DA909ACA2D95CA08199119E9DD57A06FF4EE62CC25D551F511596FE2","True","4425","4425"
"ReferenceWorksForm.frx","F71AA420A12AAC9648529345EC7818C9D45DA63932AD05F6DCD50030284E217A","F71AA420A12AAC9648529345EC7818C9D45DA63932AD05F6DCD50030284E217A","True","11288","11288"
"RegisterEditorsToolkitPlus.bas","1E894974B1A65BB380A569D100CDCDD073149A572427C2529306DFA9C273E72F","1E894974B1A65BB380A569D100CDCDD073149A572427C2529306DFA9C273E72F","True","314","314"
"Registeredmark.bas","F515085FC171B3E1A0E14A3D6261C686D01634EB2C29AA48F707B1DB1C11BD22","F515085FC171B3E1A0E14A3D6261C686D01634EB2C29AA48F707B1DB1C11BD22","True","299","299"
"RemoveBulletsAndNumbers.bas","41FF0D8DAF0546C8515DBE0668D926BF3F8D234F9AC8FDA0D6C8864A266BA702","41FF0D8DAF0546C8515DBE0668D926BF3F8D234F9AC8FDA0D6C8864A266BA702","True","2861","2861"
"RemoveBulletsAndNumbersStyled.bas","9AE84DBFBBF8059D9CF000E9572CE03996C1AB602A321D6A37426A35430FDDD5","9AE84DBFBBF8059D9CF000E9572CE03996C1AB602A321D6A37426A35430FDDD5","True","1299","1299"
"RemoveFormattingNotStyled.bas","FF23629FF26C0B61D8F892E78D1F6678115385301508B1C3142B80F90FF2EA2B","FF23629FF26C0B61D8F892E78D1F6678115385301508B1C3142B80F90FF2EA2B","True","450","450"
"RemoveFormattingParaStyles.bas","E4F3ABBB0BCA50461C12939F88A383738EF86468257A56FE2B506046784F1043","E4F3ABBB0BCA50461C12939F88A383738EF86468257A56FE2B506046784F1043","True","452","452"
"RemoveHighlighting.bas","D1B0C4EBFE0D58634D21EF4E5704E10B8FB048D74EF9FE9C4F566B3AB92350AF","D1B0C4EBFE0D58634D21EF4E5704E10B8FB048D74EF9FE9C4F566B3AB92350AF","True","250","250"
"RemoveHyperlinks.bas","32A4864D282C958612E7232807A223D402B001EBDF19EAD2F902A161593BCC4C","32A4864D282C958612E7232807A223D402B001EBDF19EAD2F902A161593BCC4C","True","436","436"
"RemoveMetadata.bas","3F0561BDD64ADC1827AFAEB299F07B046D42B0ED042F1558301C6D135A0D9A61","3F0561BDD64ADC1827AFAEB299F07B046D42B0ED042F1558301C6D135A0D9A61","True","1048","1048"
"RemoveNonbreakingSpaces.bas","AB876356B07EF05F1AEA0DA8A4309E1D707E0422486B4171ED6DE28A98DC7B77","AB876356B07EF05F1AEA0DA8A4309E1D707E0422486B4171ED6DE28A98DC7B77","True","643","643"
"RemoveOptionalHyphens.bas","E88767D08E1F2752CB8D44A2CB09951F6A6781DE1B1B2A26D2E7D4E4C7A17EB8","E88767D08E1F2752CB8D44A2CB09951F6A6781DE1B1B2A26D2E7D4E4C7A17EB8","True","412","412"
"RemoveShading.bas","F3458169A8B4093F7098A19549D57C48B29087B3CF326E9917F34784875A0F7A","F3458169A8B4093F7098A19549D57C48B29087B3CF326E9917F34784875A0F7A","True","238","238"
"RemoveSpuriousHyphens.bas","C5BA41996CBD86AA312121BDA4F3A73ACA9B53C15548BEEB740B713C46F6AAEE","C5BA41996CBD86AA312121BDA4F3A73ACA9B53C15548BEEB740B713C46F6AAEE","True","7199","7199"
"RemoveTableCellEndSpaces.bas","5384DC5EAFC394BD755F43E0EEBEF1E39ECA88A9E0AA1E3CDBB5B7E59E5141F4","5384DC5EAFC394BD755F43E0EEBEF1E39ECA88A9E0AA1E3CDBB5B7E59E5141F4","True","1226","1226"
"RemoveUnusedStyles.bas","68FA8CD7BB5EAC726EDCD75BD0385778E78524F0ADD0BB8001F49DBC002D7760","68FA8CD7BB5EAC726EDCD75BD0385778E78524F0ADD0BB8001F49DBC002D7760","True","1464","1464"
"ReviewRevisions.bas","4182383C10875DA55E033696CD46392C2464CE881F2F1241EC37E0F0AEF06594","4182383C10875DA55E033696CD46392C2464CE881F2F1241EC37E0F0AEF06594","True","411","411"
"Ribbon.bas","0C47DB8CFDD772DDF1867E2EBF87DF6FC41E3C1E23448AB2973F6F70A1D1AF91","0C47DB8CFDD772DDF1867E2EBF87DF6FC41E3C1E23448AB2973F6F70A1D1AF91","True","836","836"
"RibbonControl.bas","D1AD96B5895DC115BEC554BC94FE2A080BF9FEE3FE8BE90AA2F71A148DFB73A6","D1AD96B5895DC115BEC554BC94FE2A080BF9FEE3FE8BE90AA2F71A148DFB73A6","True","11939","11939"
"RomanizePunctuationAfterItalics.bas","5D130426773A779BB174F0F2EB68DABD019C8F8A30C97E57D3B572F75F805EF9","5D130426773A779BB174F0F2EB68DABD019C8F8A30C97E57D3B572F75F805EF9","True","456","456"
"SelectDocs.frm","51B40E4A9EC21F429078A2C37B36288D9FD54EF46F4B3AE635B03833C7C7401C","51B40E4A9EC21F429078A2C37B36288D9FD54EF46F4B3AE635B03833C7C7401C","True","1774","1774"
"SelectDocs.frx","A6B27E58A7D68DB4735E46A749F8E609060873FD89695696835324673499405B","A6B27E58A7D68DB4735E46A749F8E609060873FD89695696835324673499405B","True","5656","5656"
"SelectDocsUserMacro.frm","92ADAA54841FA0E893E2FE2A8AF8E898A6DF1D0BB0D2B14AEFF271F1F45AA537","92ADAA54841FA0E893E2FE2A8AF8E898A6DF1D0BB0D2B14AEFF271F1F45AA537","True","4750","4750"
"SelectDocsUserMacro.frx","1257CB3BA4B5848772C7DF791F92100928E8EC700195CD5C4CD1A4CD3FAB0923","1257CB3BA4B5848772C7DF791F92100928E8EC700195CD5C4CD1A4CD3FAB0923","True","9240","9240"
"SelectTextOff.bas","854423305A2CBD6987955C551A8B5855DE8EF5C067980CC74B01A2BBDC2DDE70","854423305A2CBD6987955C551A8B5855DE8EF5C067980CC74B01A2BBDC2DDE70","True","1404","1404"
"Servicemark.bas","53567F062F86C0ED5294E71B89E18E577135F93D556D631C08CF9A0CFC6D3E37","53567F062F86C0ED5294E71B89E18E577135F93D556D631C08CF9A0CFC6D3E37","True","292","292"
"SetBookmark1.bas","361EF6F481784725DB8FAF206039FC29F73899480A8584D7998EAD013FE26E10","361EF6F481784725DB8FAF206039FC29F73899480A8584D7998EAD013FE26E10","True","697","697"
"SetBookmark10.bas","A7647BF40B1F6374058CAA7DE2A7FDA499FADA90FE5FF312A03B391FDE1F3FCC","A7647BF40B1F6374058CAA7DE2A7FDA499FADA90FE5FF312A03B391FDE1F3FCC","True","783","783"
"SetBookmark2.bas","13DBF7473711E6DA8159EF5B2F52D4911DD398455FDC9BB9008227293AEA1456","13DBF7473711E6DA8159EF5B2F52D4911DD398455FDC9BB9008227293AEA1456","True","707","707"
"SetBookmark3.bas","B4CA66BD8A273720076FD46ECD1A8DC382734686B97C26B750FD2E881A058971","B4CA66BD8A273720076FD46ECD1A8DC382734686B97C26B750FD2E881A058971","True","707","707"
"SetBookmark4.bas","4ABC281F7D3967B6E859269386522A5C7CD2AB5FD87F12A415CB08D851D93427","4ABC281F7D3967B6E859269386522A5C7CD2AB5FD87F12A415CB08D851D93427","True","707","707"
"SetBookmark5.bas","A6603FE6F9936F87C19C714802D8951CF4A8C7AF2BD07C3E808548A052ABD56C","A6603FE6F9936F87C19C714802D8951CF4A8C7AF2BD07C3E808548A052ABD56C","True","707","707"
"SetBookmark6.bas","6F459868E287E9E7B227471AD7FC0449A9050E252B98312D3B2429F2CE61A803","6F459868E287E9E7B227471AD7FC0449A9050E252B98312D3B2429F2CE61A803","True","707","707"
"SetBookmark7.bas","6B24F7AD91A6A11CB6C5244B971552850960A2347AA5F56CD8EE524C1C004CBF","6B24F7AD91A6A11CB6C5244B971552850960A2347AA5F56CD8EE524C1C004CBF","True","707","707"
"SetBookmark8.bas","D71313EEDC9F68D1B3690B525F06B664B118F576797166F3854B3C776907D86B","D71313EEDC9F68D1B3690B525F06B664B118F576797166F3854B3C776907D86B","True","707","707"
"SetBookmark9.bas","D845AABF9BBC84A5FD8D64EC27F54E53C36D90E9F2C7828C2E74D9DA0F7FD87F","D845AABF9BBC84A5FD8D64EC27F54E53C36D90E9F2C7828C2E74D9DA0F7FD87F","True","707","707"
"SetCharacterStyleKeybindings.bas","7DF99E164EE65684F07D5C02B29F2ABC750549E362B6450BF257B3D67991F684","7DF99E164EE65684F07D5C02B29F2ABC750549E362B6450BF257B3D67991F684","True","4166","4166"
"SetETKPlusKeybindings.bas","F6767DD1ED60BE8A2C7D57D242E1BE86008687401D6F7A7C0B8D7031FD407D9E","F6767DD1ED60BE8A2C7D57D242E1BE86008687401D6F7A7C0B8D7031FD407D9E","True","21689","21689"
"SetFontInHeadingStyles.bas","607C40B2BF91AAB143DCC328A4722D9656834AF6EC9932CE0C0BDBA671C09FFC","607C40B2BF91AAB143DCC328A4722D9656834AF6EC9932CE0C0BDBA671C09FFC","True","817","817"
"SetFontInTextStyles.bas","283163EF8DC34F4F7A7023F26357AA6BBE66A34688F285109F87A36CBB7E763A","283163EF8DC34F4F7A7023F26357AA6BBE66A34688F285109F87A36CBB7E763A","True","783","783"
"SetLanguageInParagraphStyles.bas","6059652A6B239A7D263DB9AC613F9C9A917EA0D687FB4DC25C7072E942280EC1","6059652A6B239A7D263DB9AC613F9C9A917EA0D687FB4DC25C7072E942280EC1","True","840","840"
"SetMacrovaultKeybindings.bas","BE52DDF9FE88E5AE7FA15A4D314D7BBE0744F3EAB2BC54E808465883B5DFB4F8","BE52DDF9FE88E5AE7FA15A4D314D7BBE0744F3EAB2BC54E808465883B5DFB4F8","True","11480","11480"
"ShowComments.bas","E56D4335BDB4B62434309B26981528E3588FBED3516F75FFC856D18EB84960E6","E56D4335BDB4B62434309B26981528E3588FBED3516F75FFC856D18EB84960E6","True","290","290"
"ShowOrHideRevisions.bas","D68A56DD0A2A14A3921D00A36FBD661D4F775DA2A347B82BC35F304CFCBD2D03","D68A56DD0A2A14A3921D00A36FBD661D4F775DA2A347B82BC35F304CFCBD2D03","True","3545","3545"
"ShowStyleArea.bas","E694E66250E18EC43E2464F1145A1DF8FDF16E9D484A55475422DF05857950DA","E694E66250E18EC43E2464F1145A1DF8FDF16E9D484A55475422DF05857950DA","True","814","814"
"SortEditorialStylesheet.bas","0D6C1706C5EE564A3DCB05FC882C84F503E14B473C0921ABC982590067E5FA6A","0D6C1706C5EE564A3DCB05FC882C84F503E14B473C0921ABC982590067E5FA6A","True","739","739"
"SplitDoc.frm","2BE9338146206B893C9BA8BCBFD9A5BD31782FA260B5895DB28D4B57579F9C08","2BE9338146206B893C9BA8BCBFD9A5BD31782FA260B5895DB28D4B57579F9C08","True","2332","2332"
"SplitDoc.frx","FD5F55FBAB114B24584E2D8415B115C00D1E6646A717A3DE85FEA85C9BC3837A","FD5F55FBAB114B24584E2D8415B115C00D1E6646A717A3DE85FEA85C9BC3837A","True","6168","6168"
"SplitDocument.bas","9D653CBAE24522AB5A5A7BA4BE37F412F6A381BCA3DF6B03E016A21330EEDB6D","9D653CBAE24522AB5A5A7BA4BE37F412F6A381BCA3DF6B03E016A21330EEDB6D","True","21420","21420"
"StandardizeCharacterFormatting.bas","8719921DE5159363E75262B1231F1D661B8CEB9E015149FCE38D2414539CB40F","8719921DE5159363E75262B1231F1D661B8CEB9E015149FCE38D2414539CB40F","True","488","488"
"StandardizeFontFormatting.bas","435F83E08DE9B70468D1824BACF526C7571F7420C3C82D3607DDFBE92AFF1BA0","435F83E08DE9B70468D1824BACF526C7571F7420C3C82D3607DDFBE92AFF1BA0","True","625","625"
"StandardizeParagraphFormatting.bas","12344B45D2BEF2176C8EE4398614F4536330D176DFC1A6D80FCF68DEF40551B5","12344B45D2BEF2176C8EE4398614F4536330D176DFC1A6D80FCF68DEF40551B5","True","616","616"
"StandardizeStyleFormatting.bas","B1BB139D0A62FB12712BCFFEA579E10F88D04658C154AF793A5B8BA43C9D4D4C","B1BB139D0A62FB12712BCFFEA579E10F88D04658C154AF793A5B8BA43C9D4D4C","True","609","609"
"StetRevisions.bas","7DE7DEBCAAA3F22E2474D4D12F6D0D4161B04132669CC2AB7057A00D4540D015","7DE7DEBCAAA3F22E2474D4D12F6D0D4161B04132669CC2AB7057A00D4540D015","True","421","421"
"SteveBookmarkStuff.bas","4D376F95787CCAC098D15FEB43AA0C0154C6621EB5D42D2F4AE58AC2D49D4321","4D376F95787CCAC098D15FEB43AA0C0154C6621EB5D42D2F4AE58AC2D49D4321","True","7378","7378"
"SwapAllNotes.bas","EB7ED9A30AD93CCEE7E734E767932FF836E37E033D2F84C64E4B6D949FEFDAF8","EB7ED9A30AD93CCEE7E734E767932FF836E37E033D2F84C64E4B6D949FEFDAF8","True","424","424"
"SwapNotesAndPunctuation.bas","610F469F910EB1E72E6951A106D583732F337716C123D052DCB9D997BEAAE828","610F469F910EB1E72E6951A106D583732F337716C123D052DCB9D997BEAAE828","True","1297","1297"
"Switcheroo.bas","1C69A862F6D4B506B1A05AEB5498DC7529612C35A4A41382D293B935855C521A","1C69A862F6D4B506B1A05AEB5498DC7529612C35A4A41382D293B935855C521A","True","15410","15410"
"SwitcherooCheckEntries.bas","7CE4746EA4BC3DF13CE07BDEB044C5CF665F303CBE22F23926F89E0A0C8807BF","7CE4746EA4BC3DF13CE07BDEB044C5CF665F303CBE22F23926F89E0A0C8807BF","True","3253","3253"
"SwitcherooConvertMultiSwitch.bas","A4684FEDA131D7C509D3CA6CB6C9C2A9F6284599EA91A3D942DDA4D952960C9F","A4684FEDA131D7C509D3CA6CB6C9C2A9F6284599EA91A3D942DDA4D952960C9F","True","117","117"
"SwitcherooEdit.bas","95D9CEBBAD85B58ED139771AC6D84D351BD9098C2C214CFDCE1E67C958E030B3","95D9CEBBAD85B58ED139771AC6D84D351BD9098C2C214CFDCE1E67C958E030B3","True","103","103"
"Table2Text.bas","95370D3775F75011FA21FAC00CC44BC2F8E71526737FA6BCC683F00FC3D20382","95370D3775F75011FA21FAC00CC44BC2F8E71526737FA6BCC683F00FC3D20382","True","90","90"
"Textbox2Text.bas","358F91C5FDBB3F02D1497AD8A72C6585171736F98BFB6C9958E579578B66E376","358F91C5FDBB3F02D1497AD8A72C6585171736F98BFB6C9958E579578B66E376","True","95","95"
"TextToNotes.bas","90EAA9E2B278339B90524DA9DCB9AF8AE80783EAE8C1E5CA93FDEB750DA291BD","90EAA9E2B278339B90524DA9DCB9AF8AE80783EAE8C1E5CA93FDEB750DA291BD","True","16548","16548"
"ThisApp.cls","5495B55DCC7FC43C154BF3725BBAE8D4CEC173218B14F00219A7D0DE08E0B2AC","5495B55DCC7FC43C154BF3725BBAE8D4CEC173218B14F00219A7D0DE08E0B2AC","True","7762","7762"
"ThisDocument.doccls","93E7EC1994FEF8A7FE3B26DA5587742FAC3075A0BA1BA59996045E375653FB84","93E7EC1994FEF8A7FE3B26DA5587742FAC3075A0BA1BA59996045E375653FB84","True","1567","1567"
"TitlecaseHeadings.frm","82887919E80B3FAF8FEAA61018A06D2595F3539BBD1013CC642A2300B921FD96","82887919E80B3FAF8FEAA61018A06D2595F3539BBD1013CC642A2300B921FD96","True","1597","1597"
"TitlecaseHeadings.frx","833688433C7478DCE4107651B3A55369FBEB78744A1A610DA2E0E96E39CC0D23","833688433C7478DCE4107651B3A55369FBEB78744A1A610DA2E0E96E39CC0D23","True","6168","6168"
"ToolsRevisionsAcceptAll.bas","0976FE365DDF7029B3224C01697C58305012257C2FF4D4F66AD3FAB51C1C2686","0976FE365DDF7029B3224C01697C58305012257C2FF4D4F66AD3FAB51C1C2686","True","582","582"
"ToolsRevisionsMark.bas","28A98AAB2A1D9B67FD030B1B0DAAB16491C2AE738659BF4C3C4A346C3E6D7638","28A98AAB2A1D9B67FD030B1B0DAAB16491C2AE738659BF4C3C4A346C3E6D7638","True","983","983"
"ToolsRevisionsPrint.bas","8F8D1C7178D9D6F1AEE815A6AFE893A94049427EF0465BD62EB131E4A91F4A32","8F8D1C7178D9D6F1AEE815A6AFE893A94049427EF0465BD62EB131E4A91F4A32","True","729","729"
"ToolsRevisionsRejectAll.bas","5CB86D7AFAC0C8DDC1C1C99F6A03540FDAD9B71002EB4ED775F81B5B4603F363","5CB86D7AFAC0C8DDC1C1C99F6A03540FDAD9B71002EB4ED775F81B5B4603F363","True","584","584"
"TrackRevisionsBatch.bas","5B805C445D47E8D0B03490937354ED4635F879BA457F36498647C26F057953D5","5B805C445D47E8D0B03490937354ED4635F879BA457F36498647C26F057953D5","True","1485","1485"
"TrackRevsBatchDlg.frm","DCBBB9F09B3EB57D474AB3375214E7395D54718A5E23C226D3AD660F9B79C9A3","DCBBB9F09B3EB57D474AB3375214E7395D54718A5E23C226D3AD660F9B79C9A3","True","1216","1216"
"TrackRevsBatchDlg.frx","9F39AFE9AB7E80C7F17210BA7C1649E212314C386B260B6F85A09B0611B2BF9F","9F39AFE9AB7E80C7F17210BA7C1649E212314C386B260B6F85A09B0611B2BF9F","True","5656","5656"
"Trademark.bas","FC127ADBCC865396AD87CFBBB469A781B223E5AE186D1BC40EDF264F3BED5A90","FC127ADBCC865396AD87CFBBB469A781B223E5AE186D1BC40EDF264F3BED5A90","True","413","413"
"TransposeCharacters.bas","E1E016AFD4268AB037A282D5E26E0A6BA5124961BDF37BD059FA5277187185D9","E1E016AFD4268AB037A282D5E26E0A6BA5124961BDF37BD059FA5277187185D9","True","2024","2024"
"TransposeNotesAndPunctuation.bas","FEE47AB6BDC38591306C9B4FFFA811A380D15B35BDE6457556A2A6FAB12A67E0","FEE47AB6BDC38591306C9B4FFFA811A380D15B35BDE6457556A2A6FAB12A67E0","True","704","704"
"TransposeWords.bas","A192900FAA9D602C5F2AA1BF59420E7B3487AD6EE2DF2F583FC0B62D31B87178","A192900FAA9D602C5F2AA1BF59420E7B3487AD6EE2DF2F583FC0B62D31B87178","True","2295","2295"
"TurnDoubleHyphensToEmDashes.bas","0D77C2287E2984BCFBBA805A3E24B9F2B1B20B3C0E4EBB30EAD71FF33D9E34C4","0D77C2287E2984BCFBBA805A3E24B9F2B1B20B3C0E4EBB30EAD71FF33D9E34C4","True","604","604"
"TurnRaisedTextToSuperscript.bas","67426F988A99EC4EE7AB42A9FDCFA3636D13FCE048F8072F50B0598798042B2A","67426F988A99EC4EE7AB42A9FDCFA3636D13FCE048F8072F50B0598798042B2A","True","583","583"
"TurnUnderlineToItalic.bas","5A7A2C6EA96894A6AF84BC0F4F9CD31858842A97827307877F59B4E91F2B3746","5A7A2C6EA96894A6AF84BC0F4F9CD31858842A97827307877F59B4E91F2B3746","True","553","553"
"UnlinkStyles.bas","4A610DE25FBC2E3B1C566F03EACD7340A5E395275B7D63F0C266A1B7A3683C19","4A610DE25FBC2E3B1C566F03EACD7340A5E395275B7D63F0C266A1B7A3683C19","True","10241","10241"
"UnlockPages.bas","D79A9799F6E16AD9A2E66508678A88BFD52C24A09EBF06C7D81430BFC74D7444","D79A9799F6E16AD9A2E66508678A88BFD52C24A09EBF06C7D81430BFC74D7444","True","5609","5609"
"WCConcordance.bas","9B37CE201217F72EBC5385E02223A7C26C0FCCE4F968CC50485CA61404A3BD59","9B37CE201217F72EBC5385E02223A7C26C0FCCE4F968CC50485CA61404A3BD59","True","7392","7392"
"WCCountWords.bas","55B6C0CB1FFE2B1571F44CD884B765118864C5EDF33CB9E61E3F8047ED9A76E1","55B6C0CB1FFE2B1571F44CD884B765118864C5EDF33CB9E61E3F8047ED9A76E1","True","12815","12815"
"WCUserForm2.frm","F0CBF75C47AC66AE10DA60BD51C4CA768D21CB5E47210832DE138D2A828D9C6A","F0CBF75C47AC66AE10DA60BD51C4CA768D21CB5E47210832DE138D2A828D9C6A","True","2327","2327"
"WCUserForm2.frx","4EE5B6A821E2F56B443ED8619F6FA44F0E1AB15CF88F7A20A63510FC85EFF259","4EE5B6A821E2F56B443ED8619F6FA44F0E1AB15CF88F7A20A63510FC85EFF259","True","6168","6168"
"WordLeftEnd.bas","3639FAAE83356863C5B8EDF8A41FD15006DEFA57B0168306893E745CE3066FEC","3639FAAE83356863C5B8EDF8A41FD15006DEFA57B0168306893E745CE3066FEC","True","445","445"
"WordRightEnd.bas","F94EA3550F72B5358E63A68B8CA754E5E00F124E369E39419E2F03FD5F27ABB7","F94EA3550F72B5358E63A68B8CA754E5E00F124E369E39419E2F03FD5F27ABB7","True","503","503"
